<?xml version="1.0" encoding="UTF-8"?>
<project-private xmlns="http://www.netbeans.org/ns/project-private/1">
    <editor-bookmarks xmlns="http://www.netbeans.org/ns/editor-bookmarks/2" lastBookmarkId="0"/>
    <open-files xmlns="http://www.netbeans.org/ns/projectui-open-files/2">
        <group>
            <file>file:/D:/Cloud/Dropbox/iijima/Dropbox/Projects/Lecture/public/Lecture_2018_Soft_Eng_Practice/code/projects_2018/project_03/P0306e_006_Counter_MVC_Model/src/counter/view/CounterGraphicalViewPanel.java</file>
            <file>file:/D:/Cloud/Dropbox/iijima/Dropbox/Projects/Lecture/public/Lecture_2018_Soft_Eng_Practice/code/projects_2018/project_03/P0306e_006_Counter_MVC_Model/src/counter/view/CounterFrame.java</file>
            <file>file:/D:/Cloud/Dropbox/iijima/Dropbox/Projects/Lecture/public/Lecture_2018_Soft_Eng_Practice/code/projects_2018/project_03/P0306e_006_Counter_MVC_Model/src/counter/model/Counter.java</file>
            <file>file:/D:/Cloud/Dropbox/iijima/Dropbox/Projects/Lecture/public/Lecture_2018_Soft_Eng_Practice/code/projects_2018/project_03/P0306e_006_Counter_MVC_Model/src/counter/Main.java</file>
            <file>file:/D:/Cloud/Dropbox/iijima/Dropbox/Projects/Lecture/public/Lecture_2018_Soft_Eng_Practice/code/projects_2018/project_03/P0306e_006_Counter_MVC_Model/src/counter/view/CounterErrorMsgViewPanel.java</file>
        </group>
    </open-files>
</project-private>
