<?xml version="1.0" encoding="UTF-8"?>
<project-private xmlns="http://www.netbeans.org/ns/project-private/1">
    <editor-bookmarks xmlns="http://www.netbeans.org/ns/editor-bookmarks/2" lastBookmarkId="0"/>
    <open-files xmlns="http://www.netbeans.org/ns/projectui-open-files/2">
        <group>
            <file>file:/D:/work/sep-2018/p05_Digital_Clock/P0501a_001_Digital_Clock/src/digital_clock/view/DigitalClockControlPanel.java</file>
            <file>file:/D:/work/sep-2018/p05_Digital_Clock/P0501a_001_Digital_Clock/src/digital_clock/model/DigitalClock.java</file>
            <file>file:/D:/work/sep-2018/p05_Digital_Clock/P0501a_001_Digital_Clock/src/digital_clock/controller/DigitalClockController.java</file>
        </group>
    </open-files>
</project-private>
